sample_index,xi_norm2,radius_percentile,occurrence_likelihood,likelihood_rank,opacity_weight,log10_opacity_weight,compliance,compliance_percentile,compliance_z,is_tail_95
0,2.4848755235e+01,6.3515022030e-02,9.3648497797e-01,11,4.0137953853e-02,-1.3964447707e+00,1.5233502408e-01,2.4000000000e-01,-7.4858058298e-01,0
1,3.9857584346e+01,6.5583178191e-01,3.4416821809e-01,75,2.2101889228e-05,-4.6555706021e+00,1.5973967020e-01,5.6000000000e-01,1.9784907192e-01,0
2,2.3940493963e+01,4.7877977153e-02,9.5212202285e-01,9,6.3209398637e-02,-1.1992183415e+00,1.7826989653e-01,9.9000000000e-01,2.5663019901e+00,1
3,2.4932039414e+01,6.5105383728e-02,9.3489461627e-01,12,3.8500848391e-02,-1.4145297004e+00,1.5614678743e-01,4.4000000000e-01,-2.6137757376e-01,0
4,3.1105799910e+01,2.5891141319e-01,7.4108858681e-01,31,1.7573377630e-03,-2.7551447584e+00,1.5115038395e-01,1.7000000000e-01,-8.9999613090e-01,0
5,4.0542636168e+01,6.8309371119e-01,3.1690628881e-01,79,1.5691782676e-05,-4.8043277153e+00,1.4817848761e-01,8.0000000000e-02,-1.2798509926e+00,0
6,2.4803548388e+01,6.2663011769e-02,9.3733698823e-01,10,4.1055540245e-02,-1.3866282287e+00,1.5539260515e-01,4.0000000000e-01,-3.5777387190e-01,0
7,3.7787357157e+01,5.6684527406e-01,4.3315472594e-01,66,6.2226234317e-05,-4.2060264800e+00,1.6598621904e-01,8.6000000000e-01,9.9625577052e-01,0
8,3.9268628632e+01,6.3146200728e-01,3.6853799272e-01,72,2.9670133899e-05,-4.5276804937e+00,1.6821825012e-01,9.1000000000e-01,1.2815442732e+00,0
9,3.6198327244e+01,4.9356231508e-01,5.0643768492e-01,58,1.3772950335e-04,-3.8609730186e+00,1.5447111309e-01,3.7000000000e-01,-4.7555497827e-01,0
10,3.7738865431e+01,5.6466026339e-01,4.3533973661e-01,65,6.3753402019e-05,-4.1954966354e+00,1.5617323377e-01,4.5000000000e-01,-2.5799731763e-01,0
11,4.9189313603e+01,9.1331538098e-01,8.6684619017e-02,93,2.0800325746e-07,-6.6819298637e+00,1.5627998690e-01,4.7000000000e-01,-2.4435259696e-01,0
12,4.0005334638e+01,6.6181301655e-01,3.3818698345e-01,76,2.0527961744e-05,-4.6876541703e+00,1.5648134648e-01,4.9000000000e-01,-2.1861569141e-01,0
13,5.0521302913e+01,9.3169131928e-01,6.8308680721e-02,94,1.0686422307e-07,-6.9711676673e+00,1.6477652949e-01,8.1000000000e-01,8.4163851471e-01,0
14,3.9740366749e+01,6.5104804566e-01,3.4895195434e-01,74,2.3435966886e-05,-4.6301171243e+00,1.5651785847e-01,5.0000000000e-01,-2.1394888768e-01,0
15,3.4340902937e+01,4.0563919183e-01,5.9436080817e-01,47,3.4862742247e-04,-3.4576384550e+00,1.6717911755e-01,9.0000000000e-01,1.1487268686e+00,0
16,2.6822538116e+01,1.0866119885e-01,8.9133880115e-01,16,1.4960762284e-02,-1.8250462776e+00,1.4974717093e-01,1.4000000000e-01,-1.0793487148e+00,0
17,3.7908069736e+01,5.7226744006e-01,4.2773255994e-01,68,5.8581584812e-05,-4.2322388835e+00,1.5361435932e-01,3.0000000000e-01,-5.8506151805e-01,0
18,3.3959673064e+01,3.8764367203e-01,6.1235632797e-01,46,4.2183689345e-04,-3.3748554400e+00,1.5097386654e-01,1.6000000000e-01,-9.2255781835e-01,0
19,4.1374311617e+01,7.1450904568e-01,2.8549095432e-01,81,1.0353239382e-05,-4.9849237444e+00,1.5411470722e-01,3.3000000000e-01,-5.2110922612e-01,0
20,3.3209592045e+01,3.5257972202e-01,6.4742027798e-01,43,6.1379392241e-04,-3.2119774161e+00,1.5427197275e-01,3.5000000000e-01,-5.0100823022e-01,0
21,4.3301671388e+01,7.7971205363e-01,2.2028794637e-01,84,3.9496207791e-06,-5.4034446009e+00,1.6878725453e-01,9.3000000000e-01,1.3542719416e+00,0
22,3.6588693161e+01,5.1183746938e-01,4.8816253062e-01,59,1.1330787626e-04,-3.9457399004e+00,1.6091202708e-01,6.3000000000e-01,3.4769462826e-01,0
23,4.1627416400e+01,7.2368715758e-01,2.7631284242e-01,82,9.1225289542e-06,-5.0398847495e+00,1.5126670964e-01,1.8000000000e-01,-8.8512788726e-01,0
24,3.4810305102e+01,4.2788339188e-01,5.7211660812e-01,52,2.7569707601e-04,-3.5595678399e+00,1.4844217922e-01,9.0000000000e-02,-1.2461470781e+00,0
25,3.1833461428e+01,2.9028805492e-01,7.0971194508e-01,36,1.2213652254e-03,-2.9131544494e+00,1.5556173306e-01,4.1000000000e-01,-3.3615667819e-01,0
26,3.7210951923e+01,5.4063608900e-01,4.5936391100e-01,62,8.3011512380e-05,-4.0808616737e+00,1.7647723788e-01,9.8000000000e-01,2.3371721600e+00,1
27,2.6234665770e+01,9.3562780999e-02,9.0643721900e-01,14,2.0072828789e-02,-1.6973914197e+00,1.6493526363e-01,8.2000000000e-01,8.6192722195e-01,0
28,3.2649220050e+01,3.2682631244e-01,6.7317368756e-01,42,8.1228010544e-04,-3.0902941835e+00,1.5572654450e-01,4.2000000000e-01,-3.1509119690e-01,0
29,1.8417889410e+01,4.5644066411e-03,9.9543559336e-01,0,1.0000000000e+00,0.0000000000e+00,1.6141560713e-01,6.7000000000e-01,4.1206003955e-01,0
30,2.6931096903e+01,1.1160430563e-01,8.8839569437e-01,17,1.4170346873e-02,-1.8486195186e+00,1.4440880432e-01,3.0000000000e-02,-1.7616755116e+00,0
31,3.7828031890e+01,5.6867504661e-01,4.3132495339e-01,67,6.0973498436e-05,-4.2148588860e+00,1.4872603415e-01,1.0000000000e-01,-1.2098659758e+00,0
32,2.0519885690e+01,1.2933048512e-02,9.8706695149e-01,2,3.4958863655e-01,-4.5644269264e-01,1.5617606652e-01,4.6000000000e-01,-2.5763524785e-01,0
33,2.3542322168e+01,4.1970792227e-02,9.5802920777e-01,7,7.7133593596e-02,-1.1127564347e+00,1.4908658960e-01,1.2000000000e-01,-1.1637813467e+00,0
34,3.4706468543e+01,4.2295779649e-01,5.7704220351e-01,51,2.9038888037e-04,-3.5370200177e+00,1.5654621474e-01,5.1000000000e-01,-2.1032451261e-01,0
35,4.3642142354e+01,7.9009173169e-01,2.0990826831e-01,86,3.3313715169e-06,-5.4773769318e+00,1.6228166097e-01,7.1000000000e-01,5.2275527381e-01,0
36,2.6263530245e+01,9.4271056250e-02,9.0572894375e-01,15,1.9785213421e-02,-1.7036592607e+00,1.5379497673e-01,3.2000000000e-01,-5.6197578644e-01,0
37,2.8069191318e+01,1.4534151637e-01,8.5465848363e-01,19,8.0213306539e-03,-2.0957535809e+00,1.6589620706e-01,8.5000000000e-01,9.8475083081e-01,0
38,3.4511213777e+01,4.1370215371e-01,5.8629784629e-01,49,3.2016880578e-04,-3.4946209839e+00,1.6556513752e-01,8.3000000000e-01,9.4243496245e-01,0
39,2.8880662440e+01,1.7252294018e-01,8.2747705982e-01,21,5.3461077038e-03,-2.2719622961e+00,1.6234228706e-01,7.2000000000e-01,5.3050423690e-01,0
40,3.8831004311e+01,6.1283687365e-01,3.8716312635e-01,70,3.6927373586e-05,-4.4326515799e+00,1.7392498036e-01,9.7000000000e-01,2.0109537067e+00,1
41,2.0851377337e+01,1.4966627478e-02,9.8503337252e-01,3,2.9619301379e-01,-5.2842518926e-01,1.4897946494e-01,1.1000000000e-01,-1.1774735547e+00,0
42,4.3587335721e+01,7.8844413416e-01,2.1155586584e-01,85,3.4239244818e-06,-5.4654758227e+00,1.4284756726e-01,1.0000000000e-02,-1.9612260408e+00,0
43,2.9706159519e+01,2.0267573778e-01,7.9732426222e-01,23,3.5382074342e-03,-2.4512167093e+00,1.6881928249e-01,9.4000000000e-01,1.3583656161e+00,0
44,3.4461911139e+01,4.1136688502e-01,5.8863311498e-01,48,3.2815947476e-04,-3.4839150521e+00,1.4929942248e-01,1.3000000000e-01,-1.1365779738e+00,0
45,2.7123416249e+01,1.1693664206e-01,8.8306335794e-01,18,1.2871194882e-02,-1.8903811340e+00,1.6211224725e-01,7.0000000000e-01,5.0110154912e-01,0
46,3.1928324065e+01,2.9446909221e-01,7.0553090779e-01,38,1.1647866668e-03,-2.9337536093e+00,1.5414512002e-01,3.4000000000e-01,-5.1722199433e-01,0
47,3.1073980793e+01,2.5756958895e-01,7.4243041105e-01,30,1.7855198179e-03,-2.7482353251e+00,1.6000396631e-01,5.8000000000e-01,2.3163025094e-01,0
48,3.8768703040e+01,6.1015154480e-01,3.8984845520e-01,69,3.8095788695e-05,-4.4191230308e+00,1.7251373018e-01,9.6000000000e-01,1.8305738480e+00,1
49,2.0979195820e+01,1.5814423304e-02,9.8418557670e-01,4,2.7785574447e-01,-5.5618062006e-01,1.5882429311e-01,5.3000000000e-01,8.0849554406e-02,0
50,4.4890213575e+01,8.2521007923e-01,1.7478992077e-01,89,1.7848751623e-06,-5.7483921539e+00,1.4405378694e-01,2.0000000000e-02,-1.8070522887e+00,0
51,3.0336065362e+01,2.2724592125e-01,7.7275407875e-01,26,2.5822659874e-03,-2.5879990251e+00,1.6703806429e-01,8.9000000000e-01,1.1306980546e+00,0
52,2.1938634127e+01,2.3429733862e-02,9.7657026614e-01,5,1.7198081343e-01,-7.6452000127e-01,1.6631858846e-01,8.8000000000e-01,1.0387377839e+00,0
53,3.0595917982e+01,2.3774445713e-01,7.6225554287e-01,28,2.2676430608e-03,-2.6444253047e+00,1.5935271005e-01,5.5000000000e-01,1.4838950892e-01,0
54,3.1195517134e+01,2.6270916542e-01,7.3729083458e-01,32,1.6802480259e-03,-2.7746266062e+00,1.5253982552e-01,2.6000000000e-01,-7.2240375386e-01,0
55,3.5406532982e+01,4.5616979873e-01,5.4383020127e-01,54,2.0462699236e-04,-3.6890370790e+00,1.5161578594e-01,2.0000000000e-01,-8.4051047316e-01,0
56,2.2934024829e+01,3.3990605617e-02,9.6600939438e-01,6,1.0455231514e-01,-9.8066634600e-01,1.5630508765e-01,4.8000000000e-01,-2.4114432829e-01,0
57,2.9048631358e+01,1.7846012667e-01,8.2153987333e-01,22,4.9154549115e-03,-2.3084362832e+00,1.6098471319e-01,6.4000000000e-01,3.5698505064e-01,0
58,3.3943582586e+01,3.8688617144e-01,6.1311382856e-01,45,4.2524436079e-04,-3.3713614369e+00,1.5317548118e-01,2.9000000000e-01,-6.4115701267e-01,0
59,3.9088852857e+01,6.2386207285e-01,3.7613792715e-01,71,3.2460658048e-05,-4.4886426803e+00,1.5174663280e-01,2.1000000000e-01,-8.2378619674e-01,0
60,5.4014470895e+01,9.6498285088e-01,3.5017149123e-02,96,1.8633761963e-08,-7.7296994567e+00,1.6352027272e-01,7.9000000000e-01,6.8106923941e-01,0
61,4.0146238533e+01,6.6746584578e-01,3.3253415422e-01,77,1.9131496274e-05,-4.7182510625e+00,1.6611881233e-01,8.7000000000e-01,1.0132032680e+00,0
62,3.0180835228e+01,2.2107280914e-01,7.7892719086e-01,24,2.7906718410e-03,-2.5542912298e+00,1.6046673258e-01,6.2000000000e-01,2.9077902242e-01,0
63,3.6792047944e+01,5.2129874945e-01,4.7870125055e-01,60,1.0235337544e-04,-3.9898978305e+00,1.6207539432e-01,6.9000000000e-01,4.9639116792e-01,0
64,3.0311735740e+01,2.2627344647e-01,7.7372655353e-01,25,2.6138706070e-03,-2.5827159149e+00,1.6331941124e-01,7.8000000000e-01,6.5539599884e-01,0
65,4.1361236819e+01,7.1402999604e-01,2.8597000396e-01,80,1.0421144360e-05,-4.9820845880e+00,1.6123647887e-01,6.6000000000e-01,3.8916464461e-01,0
66,6.2911662150e+01,9.9503353653e-01,4.9664634659e-03,98,2.1792146511e-10,-9.6616999899e+00,1.8564563177e-01,1.0000000000e+00,3.5090363821e+00,1
67,1.9157443035e+01,6.7454264215e-03,9.9325457358e-01,1,6.9088851120e-01,-1.6059202915e-01,1.6578232762e-01,8.4000000000e-01,9.7019525620e-01,0
68,4.0298259379e+01,6.7350765457e-01,3.2649234543e-01,78,1.7731195992e-05,-4.7512619697e+00,1.5573476269e-01,4.3000000000e-01,-3.1404078361e-01,0
69,3.7263016220e+01,5.4302357411e-01,4.5697642589e-01,64,8.0878429195e-05,-4.0921672921e+00,1.6110333994e-01,6.5000000000e-01,3.7214740576e-01,0
70,4.2350044202e+01,7.4887716013e-01,2.5112283987e-01,83,6.3562155572e-06,-5.1968013831e+00,1.5161183523e-01,1.9000000000e-01,-8.4101543573e-01,0
71,6.5596734664e+01,9.9741062457e-01,2.5893754313e-03,99,5.6917251725e-11,-1.0244756078e+01,1.6938549773e-01,9.5000000000e-01,1.4307367849e+00,0
72,3.1308831797e+01,2.6753552177e-01,7.3246447823e-01,33,1.5876962808e-03,-2.7992325726e+00,1.5378490539e-01,3.1000000000e-01,-5.6326306130e-01,0
73,2.3673204092e+01,4.3851160421e-02,9.5614883958e-01,8,7.2247515447e-02,-1.1411770835e+00,1.6294539597e-01,7.5000000000e-01,6.0759099409e-01,0
74,3.0584548527e+01,2.3728089331e-01,7.6271910669e-01,27,2.2805707043e-03,-2.6419564588e+00,1.5711847100e-01,5.2000000000e-01,-1.3718120692e-01,0
75,3.5550844039e+01,4.6300707582e-01,5.3699292418e-01,55,1.9038212630e-04,-3.7203738270e+00,1.5434919311e-01,3.6000000000e-01,-4.9113825973e-01,0
76,3.2470364882e+01,3.1870907967e-01,6.8129092033e-01,41,8.8826739832e-04,-3.0514562773e+00,1.5208251215e-01,2.3000000000e-01,-7.8085555938e-01,0
77,3.3466976390e+01,3.6454740850e-01,6.3545259150e-01,44,5.3967497929e-04,-3.2678677165e+00,1.5465362107e-01,3.9000000000e-01,-4.5222760223e-01,0
78,2.5820053210e+01,8.3764091286e-02,9.1623590871e-01,13,2.4696792553e-02,-1.6073594462e+00,1.5280992846e-01,2.8000000000e-01,-6.8788037109e-01,0
79,3.0841845693e+01,2.4786310462e-01,7.5213689538e-01,29,2.0052668373e-03,-2.6978278284e+00,1.6288119161e-01,7.4000000000e-01,5.9938467210e-01,0
80,3.9485475488e+01,6.4053059796e-01,3.5946940204e-01,73,2.6621456311e-05,-4.5747681904e+00,1.4604289399e-01,5.0000000000e-02,-1.5528132787e+00,0
81,3.4631347238e+01,4.1939564305e-01,5.8060435695e-01,50,3.0150350581e-04,-3.5207076336e+00,1.5239584379e-01,2.5000000000e-01,-7.4080687223e-01,0
82,3.5966147491e+01,4.8263421770e-01,5.1736578230e-01,57,1.5468356558e-04,-3.8105558256e+00,1.5920542461e-01,5.4000000000e-01,1.2956412471e-01,0
83,4.4895898867e+01,8.2535961355e-01,1.7464038645e-01,90,1.7798085982e-06,-5.7496266995e+00,1.4518699606e-01,4.0000000000e-02,-1.6622104287e+00,0
84,4.8218925389e+01,8.9750845973e-01,1.0249154027e-01,92,3.3789927479e-07,-6.4712127403e+00,1.5974142377e-01,5.7000000000e-01,1.9807320561e-01,0
85,3.1871630519e+01,2.9196800922e-01,7.0803199078e-01,37,1.1982770392e-03,-2.9214427623e+00,1.5040036195e-01,1.5000000000e-01,-9.9586068015e-01,0
86,3.1659042246e+01,2.8265235256e-01,7.1734764744e-01,35,1.3326625534e-03,-2.8752798054e+00,1.6040634753e-01,6.1000000000e-01,2.8306086802e-01,0
87,3.7010636597e+01,5.3141655058e-01,4.6858344942e-01,61,9.1756374773e-05,-4.0373637534e+00,1.6311608417e-01,7.6000000000e-01,6.2940761728e-01,0
88,3.7250804223e+01,5.4246391077e-01,4.5753608923e-01,63,8.1373783528e-05,-4.0895154907e+00,1.6355365667e-01,8.0000000000e-01,6.8533623067e-01,0
89,4.3963341128e+01,7.9956848788e-01,2.0043151212e-01,88,2.8371065126e-06,-5.5471243593e+00,1.6268198187e-01,7.3000000000e-01,5.7392254975e-01,0
90,3.1566921222e+01,2.7864750340e-01,7.2135249660e-01,34,1.3954812990e-03,-2.8552759792e+00,1.6034556656e-01,6.0000000000e-01,2.7529210885e-01,0
91,5.2807578773e+01,9.5558498417e-01,4.4415015833e-02,95,3.4070133680e-08,-7.4676261624e+00,1.5459474941e-01,3.8000000000e-01,-4.5975232170e-01,0
92,3.5704118188e+01,4.7026060382e-01,5.2973939618e-01,56,1.7633686460e-04,-3.7536568856e+00,1.6150358641e-01,6.8000000000e-01,4.2330516838e-01,0
93,5.7815933027e+01,9.8415907435e-01,1.5840925645e-02,97,2.7849892919e-09,-8.5551764703e+00,1.6827749488e-01,9.2000000000e-01,1.2891166807e+00,0
94,3.2223096494e+01,3.0758058651e-01,6.9241941349e-01,40,1.0051650300e-03,-2.9977626291e+00,1.6317828742e-01,7.7000000000e-01,6.3735816609e-01,0
95,4.3660819598e+01,7.9065117000e-01,2.0934883000e-01,87,3.3004059101e-06,-5.4814326439e+00,1.5198027614e-01,2.2000000000e-01,-7.9392292143e-01,0
96,2.8753733349e+01,1.6810576289e-01,8.3189423711e-01,20,5.6963938083e-03,-2.2443999943e+00,1.4627905637e-01,6.0000000000e-02,-1.5226280306e+00,0
97,3.1984629481e+01,2.9695981289e-01,7.0304018711e-01,39,1.1324520567e-03,-2.9459801751e+00,1.6003888139e-01,5.9000000000e-01,2.3609294458e-01,0
98,4.7112866460e+01,8.7674153559e-01,1.2325846441e-01,91,5.8744187906e-07,-6.2310350956e+00,1.5280621684e-01,2.7000000000e-01,-6.8835477421e-01,0
99,3.4953967904e+01,4.3470032410e-01,5.6529967590e-01,53,2.5658790382e-04,-3.5907638212e+00,1.4784577672e-01,7.0000000000e-02,-1.3223766511e+00,0
